<?xml version="1.0" encoding="UTF-8"?>
<beans:beans xmlns="http://www.springframework.org/schema/mvc"
				 xmlns:xsi="http://www.w3.org/2001/XMLSchema-instance"
				 xmlns:beans="http://www.springframework.org/schema/beans"
				 xmlns:context="http://www.springframework.org/schema/context"
				 xsi:schemaLocation="http://www.springframework.org/schema/mvc
				 					 http://www.springframework.org/schema/mvc/spring-mvc.xsd
				 					 http://www.springframework.org/schema/beans
				 					 http://www.springframework.org/schema/beans/spring-beans.xsd
				 					 http://www.springframework.org/schema/context
				 					 http://www.springframework.org/schema/context/spring-context.xsd">
							
		<!-- 
			scan 한 package 내부의 class 중에서
			Controller라는 annotation 이 지정된 class 들을
			Controller로 loading 함 
		-->
		<annotation-driven/>
		
		
		<!--scan할 bean 들이 모여있는 package를 지정하기 -->
   		 <context:component-scan base-package="kr.co.tjoeun.controller"/>
   		 
   		 <!-- Controller 의 메소드에서 반환하는 문자열의 prefix와 suffix 경로 정보 설정하기 -->
   		 <beans:bean class="org.springframework.web.servlet.view.InternalResourceViewResolver">
   		 	<beans:property name="prefix" value="/WEB-INF/views/" />
   		 	<beans:property name="suffix" value=".jsp" />
   		 </beans:bean>
   		 
   		 <!-- 정적파일(jsp,사운드,이미지,js등등)경로지정 -->
   		 <resources mapping="/**" location="/resources/" />
   		 
   		<!-- properties 파일 내용을 사용할 수 있도록 Bean 을 정의한다 --> 
	   	<beans:bean class="org.springframework.beans.factory.config.PropertyPlaceholderConfigurer" >
			<beans:property name="location">
				<beans:value>
				/WEB-INF/properties/data.properties
				</beans:value>
			</beans:property>
		</beans:bean>
 		<!-- 데이터 베이스 접속 정보를 관리하는 객체 BasicDataSource 정의하기 -->
 		<beans:bean id="basic_data_source" class="org.apache.commons.dbcp2.BasicDataSource" >
			<beans:property name="driverClassName" value="${db.classname}" />
			<beans:property name="url" value="${db.url}" />
			<beans:property name="username" value="${db.username}" />
			<beans:property name="password" value="${db.password}" />
		</beans:bean> 
		<!-- sqlSessionFactoryBean 클래스를 Bean으로 정의하기 -->
		<beans:bean id="sqlSession" class="org.mybatis.spring.SqlSessionFactoryBean">
			<beans:property name="dataSource" ref="basic_data_source" />
			<beans:property name="mapperLocations" value="/WEB-INF/mapper/*.xml" />
		</beans:bean>
		
		<!-- SqlSessionTemplate 클래스를 Bean으로 정의(등록)하기 -->
		<beans:bean id="sqlSessionTemplate" class="org.mybatis.spring.SqlSessionTemplate" >
			<beans:constructor-arg index="0" ref="sqlSession" />
		</beans:bean> 
</beans:beans>